run_ts,sport,game,commence,hours_to_game,sharp_side,grade,gap,h2h_disp,ml_ex_mid,an_ml,tickets,money,contrarian,steam,has_value,rec_price,rec_market,rec_side,ev,fair,fair_mult,nb,anchor,event_id,units
2026-10-01T00:40:14.037933+00:00,mlb,Chicago Cubs @ San Diego Padres,2026-10-01T02:00:00Z,1.33,Chicago Cubs,A,38,0.0043,0.4329,"{'15': {'home': -143, 'away': 121}, '30': {'home': -132, 'away': 112}, '49': {'away': 125, 'home': -150}, '68': {'away': 123, 'home': -149}, '69': {'away': 124, 'home': -146}, '71': {'away': 123, 'home': -148}, '75': {'away': 120, 'home': -140}}",24,62,True,False,False,123,Moneyline,Chicago Cubs,,,,,,66c0c13a06424600557af241371043fc,1.0
2026-10-01T00:40:14.037933+00:00,nfl,Indianapolis Colts @ Washington Commanders,2026-10-04T13:30:00Z,84.83,Indianapolis Colts,D,16,0.0044,0.637,"{'15': {'away': -200, 'home': 162}, '30': {'away': -105, 'home': -115}, '49': {'home': 162, 'away': -193}, '68': {'away': -192, 'home': 160}, '69': {'home': 160, 'away': -190}, '71': {'away': -195, 'home': 160}, '75': {'home': 165, 'away': -200}}",64,80,False,True,False,,,,,,,,,c9d8ed8aa4889486eaf10a630138ede0,
2026-10-01T00:40:14.037933+00:00,nfl,Arizona Cardinals @ New York Giants,2026-10-04T17:00:00Z,88.33,Arizona Cardinals,A,28,0.007,0.5623,"{'15': {'home': 116, 'away': -141}, '30': {'away': 260, 'home': -325}, '49': {'home': 116, 'away': -137}, '68': {'home': 120, 'away': -142}, '69': {'home': 116, 'away': -136}, '71': {'away': -130, 'home': 110}, '75': {'home': 115, 'away': -140}}",54,82,False,True,False,-140,Moneyline,Arizona Cardinals,,,,,,664e6bda5721dc63be16bcf7d962a436,1.0
2026-10-01T00:40:14.037933+00:00,nfl,Tennessee Titans @ Baltimore Ravens,2026-10-04T17:00:00Z,88.33,Tennessee Titans,A,21,0.0062,0.1409,"{'15': {'away': 512, 'home': -700}, '30': {'away': 300, 'home': -380}, '49': {'away': 480, 'home': -700}, '68': {'away': 500, 'home': -700}, '69': {'away': 540, 'home': -770}, '71': {'home': -715, 'away': 500}, '75': {'home': -700, 'away': 525}}",4,25,True,False,False,475,Moneyline,Tennessee Titans,,,,,,f01589b0e7e6dd4f4ac1220a1db81f53,1.0
2026-10-01T00:40:14.037933+00:00,nfl,Jacksonville Jaguars @ Cincinnati Bengals,2026-10-04T17:00:00Z,88.33,Jacksonville Jaguars,S,31,0.0061,0.4311,"{'15': {'away': 120, 'home': -145}, '30': {'away': 114, 'home': -135}, '49': {'away': 119, 'home': -141}, '68': {'home': -148, 'away': 124}, '69': {'away': 114, 'home': -134}, '71': {'away': 116, 'home': -139}, '75': {'away': 120, 'home': -145}}",35,66,True,True,False,125,Moneyline,Jacksonville Jaguars,,,,,,2ea94ddf20f66432b9024fe2e2eaba5f,1.5
2026-10-01T00:40:14.037933+00:00,nfl,Dallas Cowboys @ Houston Texans,2026-10-04T17:00:00Z,88.33,Dallas Cowboys,B,23,0.0126,0.3985,"{'15': {'away': 104, 'home': -163}, '30': {'away': 104, 'home': -135}, '49': {'away': 135, 'home': -159}, '68': {'away': 136, 'home': -162}, '69': {'home': -162, 'away': 136}, '71': {'home': -143, 'away': 118}, '75': {'home': -165, 'away': 135}}",52,75,False,True,False,140,Moneyline,Dallas Cowboys,,,,,,daf55e2df5341c007fee5a0fc5bbc2d4,1.0
2026-10-01T00:40:14.037933+00:00,nfl,Los Angeles Rams @ Philadelphia Eagles,2026-10-04T17:00:00Z,88.33,Los Angeles Rams,D,8,0.0084,0.6131,"{'15': {'away': -167, 'home': 139}, '30': {'away': -122, 'home': 102}, '49': {'home': 140, 'away': -170}, '68': {'home': 136, 'away': -162}, '69': {'home': 138, 'away': -164}, '71': {'home': 140, 'away': -175}, '75': {'home': 140, 'away': -175}}",75,83,False,True,False,,,,,,,,,1b4f2e60ce83fa1d63a5dff83769d27c,
2026-10-01T00:40:14.037933+00:00,nfl,Miami Dolphins @ Minnesota Vikings,2026-10-04T20:05:00Z,91.41,Miami Dolphins,A,32,0.0067,0.1588,"{'15': {'away': 452, 'home': -625}, '30': {'away': 320, 'home': -410}, '49': {'home': -625, 'away': 450}, '68': {'home': -650, 'away': 470}, '69': {'home': -650, 'away': 480}, '71': {'home': -625, 'away': 450}, '75': {'home': -625, 'away': 450}}",5,37,True,False,False,430,Moneyline,Miami Dolphins,,,,,,c327223d76a3b7b0db8c6c104442f44b,1.0
2026-10-01T00:40:14.037933+00:00,nfl,Denver Broncos @ San Francisco 49ers,2026-10-04T20:25:00Z,91.75,Denver Broncos,D,6,0.0097,0.4274,"{'15': {'home': -148, 'away': 124}, '30': {'away': 120, 'home': -142}, '49': {'away': 125, 'home': -148}, '68': {'home': -148, 'away': 124}, '69': {'away': 126, 'home': -148}, '71': {'home': -136, 'away': 112}, '75': {'away': 125, 'home': -145}}",15,21,True,False,False,,,,,,,,,a7e7efb75a9792ac63480ae6328dca18,
2026-10-01T00:40:14.037933+00:00,nfl,Detroit Lions @ Carolina Panthers,2026-10-05T00:20:00Z,95.66,Carolina Panthers,B,18,0.0056,0.6409,"{'15': {'away': -200, 'home': 162}, '30': {'away': -162, 'home': 136}, '49': {'away': -197, 'home': 164}, '68': {'away': -180, 'home': 150}, '69': {'home': 168, 'away': -200}, '71': {'home': 155, 'away': -190}, '75': {'home': 165, 'away': -200}}",12,30,True,True,False,165,Moneyline,Carolina Panthers,,,,,,a73a76599a4f3422803e57bd8f61b626,1.0
2026-10-01T00:40:14.037933+00:00,nfl,Atlanta Falcons @ New Orleans Saints,2026-10-06T00:15:00Z,119.58,Atlanta Falcons,A,24,0.0051,0.4387,"{'15': {'home': -146, 'away': 122}, '30': {'away': 114, 'home': -135}, '49': {'away': 127, 'home': -150}, '68': {'home': -148, 'away': 124}, '69': {'home': -144, 'away': 122}, '71': {'home': -152, 'away': 125}, '75': {'away': 120, 'home': -145}}",24,48,True,False,False,125,Moneyline,Atlanta Falcons,,,,,,8bd90781e17e6d97df3941063cedae1e,1.0
2026-10-01T00:40:14.037933+00:00,nhl,Pittsburgh Penguins @ Philadelphia Flyers,2026-09-30T23:38:00Z,-1.04,Philadelphia Flyers,D,10,0.042,0.8144,"{'15': {'home': -145, 'away': 124}, '30': {'home': -125, 'away': 105}, '68': {'away': 124, 'home': -148}, '69': {'away': 118, 'home': -142}, '71': {'home': -139, 'away': 123}}",78,88,False,True,False,,,,,,,,,255dd8cc841121349fe98f49791da840,
2026-10-01T00:40:14.037933+00:00,nhl,New York Islanders @ Toronto Maple Leafs,2026-09-30T23:47:26Z,-0.88,Toronto Maple Leafs,D,24,0.0277,0.1439,"{'15': {'home': -141, 'away': 118}, '30': {'away': -110, 'home': -110}, '68': {'away': 120, 'home': -142}, '69': {'home': -150, 'away': 125}, '71': {'home': -148, 'away': 123}, '75': {'away': 118, 'home': -140}}",74,98,False,False,False,,,,,,,,,86ec2098c2ac5801e32fbde493581558,
2026-10-01T00:40:14.037933+00:00,nhl,Los Angeles Kings @ Colorado Avalanche,2026-10-01T02:10:00Z,1.5,Colorado Avalanche,D,6,0.0115,0.3546,"{'15': {'away': 165, 'home': -200}, '30': {'home': -185, 'away': 154}, '49': {'home': -200, 'away': 167}, '68': {'away': 170, 'home': -205}, '69': {'home': -200, 'away': 164}, '71': {'home': -195, 'away': 165}, '75': {'away': 165, 'home': -200}}",92,98,False,True,False,,,,,,,,,13520f2d7e050ef0f37b2c8ba7ff4a53,
2026-10-01T00:40:14.037933+00:00,ncaaf,Western Kentucky Hilltoppers @ New Mexico State Aggies,2026-10-02T00:00:00Z,23.33,Western Kentucky Hilltoppers,S,27,0.0047,0.447,"{'15': {'home': -130, 'away': 110}, '30': {'home': -110, 'away': -110}, '49': {'home': -134, 'away': 114}, '68': {'away': 114, 'home': -135}, '69': {'away': 105, 'home': -126}, '71': {'away': 110, 'home': -137}, '75': {'home': -130, 'away': 110}}",22,49,True,True,False,115,Moneyline,Western Kentucky Hilltoppers,,,,,,b0998b3474fea9dee080784b8da01048,1.5
2026-10-01T00:40:14.037933+00:00,ncaaf,Pittsburgh Panthers @ Virginia Tech Hokies,2026-10-02T23:00:00Z,46.33,Pittsburgh Panthers,B,15,0.0043,0.3987,"{'15': {'home': -165, 'away': 140}, '30': {'away': 170, 'home': -205}, '49': {'home': -164, 'away': 139}, '68': {'away': 136, 'home': -162}, '69': {'home': -170, 'away': 140}, '71': {'away': 138, 'home': -175}, '75': {'home': -165, 'away': 140}}",13,28,True,True,False,145,Moneyline,Pittsburgh Panthers,,,,,,e61c74f0e28b46ad83270a6234b425f4,1.0
2026-10-01T00:40:14.037933+00:00,ncaaf,Penn State Nittany Lions @ Northwestern Wildcats,2026-10-03T00:00:00Z,47.33,Northwestern Wildcats,C,11,0.0036,0.5632,"{'15': {'away': -142, 'home': 120}, '30': {'away': -278, 'home': 225}, '49': {'home': 118, 'away': -139}, '68': {'home': 120, 'away': -142}, '69': {'away': -137, 'home': 114}, '71': {'away': -148, 'home': 118}, '75': {'away': -145, 'home': 120}}",9,20,True,True,False,120,Moneyline,Northwestern Wildcats,,,,,,0469a451e58ca81723a7760d4bede173,
2026-10-01T00:40:14.037933+00:00,ncaaf,Navy Midshipmen @ Air Force Falcons,2026-10-03T16:00:00Z,63.33,Navy Midshipmen,S,33,0.0066,0.4067,"{'15': {'away': 135, 'home': -165}, '30': {'home': -106, 'away': -113}, '49': {'home': -162, 'away': 137}, '68': {'away': 140, 'home': -166}, '69': {'away': 126, 'home': -152}, '71': {'away': 133, 'home': -165}, '75': {'away': 135, 'home': -160}}",13,46,True,True,False,135,Moneyline,Navy Midshipmen,,,,,,4fcb5b7ec04cad7acc5d048bdd24be4c,1.5
2026-10-01T00:40:14.037933+00:00,ncaaf,Alabama Crimson Tide @ Mississippi State Bulldogs,2026-10-03T16:00:00Z,63.33,Mississippi State Bulldogs,S,31,0.0042,0.6713,"{'15': {'away': -230, 'home': 185}, '30': {'away': -155, 'home': 130}, '49': {'home': 188, 'away': -230}, '68': {'away': -225, 'home': 185}, '69': {'away': -230, 'home': 188}, '71': {'away': -245, 'home': 190}, '75': {'away': -235, 'home': 190}}",8,39,True,True,False,195,Moneyline,Mississippi State Bulldogs,,,,,,6b22daf46195be6b3748584efe89dac1,1.5
2026-10-01T00:40:14.037933+00:00,ncaaf,Boston College Eagles @ SMU Mustangs,2026-10-03T16:00:00Z,63.33,Boston College Eagles,D,6,0.0059,0.0855,"{'15': {'home': -1600, 'away': 900}, '30': {'home': -2100, 'away': 1000}, '49': {'home': -2000, 'away': 950}, '68': {'away': 950, 'home': -1650}, '69': {'away': 890, 'home': -1700}, '71': {'home': -2000, 'away': 850}, '75': {'home': -1400, 'away': 950}}",3,9,True,False,False,,,,,,,,,36357c80707ce0c3a645afe495b28bbd,
2026-10-01T00:40:14.037933+00:00,ncaaf,UCF Knights @ Houston Cougars,2026-10-03T16:00:00Z,63.33,UCF Knights,A,22,0.0065,0.2022,"{'15': {'home': -475, 'away': 350}, '30': {'home': -480, 'away': 360}, '49': {'away': 340, 'home': -440}, '68': {'away': 350, 'home': -455}, '69': {'away': 390, 'home': -530}, '71': {'away': 335, 'home': -480}, '75': {'away': 375, 'home': -475}}",4,26,True,False,False,355,Moneyline,UCF Knights,,,,,,11c2108f1d7c8fb56c8a6c7fcd9b62bf,1.0
2026-10-01T00:40:14.037933+00:00,ncaaf,West Virginia Mountaineers @ Iowa State Cyclones,2026-10-03T16:00:00Z,63.33,West Virginia Mountaineers,S,56,0.0053,0.4087,"{'15': {'home': -155, 'away': 130}, '30': {'home': -108, 'away': -111}, '49': {'away': 131, 'home': -154}, '68': {'away': 130, 'home': -155}, '69': {'away': 126, 'home': -152}, '71': {'home': -159, 'away': 128}, '75': {'away': 130, 'home': -155}}",18,74,True,True,False,135,Moneyline,West Virginia Mountaineers,,,,,,7bdd5ae18979fa3af61625a21d757987,1.5
2026-10-01T00:40:14.037933+00:00,ncaaf,Michigan Wolverines @ Minnesota Golden Gophers,2026-10-03T16:00:00Z,63.33,Minnesota Golden Gophers,C,9,0.0058,0.6579,"{'15': {'home': 180, 'away': -220}, '30': {'away': -340, 'home': 270}, '49': {'home': 184, 'away': -225}, '68': {'away': -225, 'home': 185}, '69': {'home': 176, 'away': -215}, '71': {'home': 175, 'away': -225}, '75': {'home': 180, 'away': -220}}",6,15,True,True,False,185,Moneyline,Minnesota Golden Gophers,,,,,,a2f01448219e39fd44e3d98ea5c7f482,
2026-10-01T00:40:14.037933+00:00,ncaaf,Notre Dame Fighting Irish @ North Carolina Tar Heels,2026-10-03T16:00:00Z,63.33,North Carolina Tar Heels,B,17,0.0095,0.9304,"{'15': {'home': 1000, 'away': -2000}, '30': {'away': -2100, 'home': 1100}, '49': {'home': 1000, 'away': -2000}, '68': {'away': -1800, 'home': 1000}, '69': {'away': -2100, 'home': 1000}, '71': {'home': 1200, 'away': -5000}, '75': {'home': 1050, 'away': -1600}}",4,21,True,False,False,850,Moneyline,North Carolina Tar Heels,,,,,,2b8db5053d533b488c0d76f49382d219,1.0
2026-10-01T00:40:14.037933+00:00,ncaaf,Syracuse Orange @ UConn Huskies,2026-10-03T16:00:00Z,63.33,UConn Huskies,B,16,0.0064,0.6874,"{'15': {'home': 200, 'away': -250}, '30': {'home': 235, 'away': -295}, '49': {'home': 205, 'away': -250}, '68': {'away': -258, 'home': 210}, '69': {'away': -230, 'home': 188}, '71': {'home': 200, 'away': -265}, '75': {'away': -250, 'home': 200}}",7,23,True,True,False,210,Moneyline,UConn Huskies,,,,,,94769faaa7a5aba0474291fc9c2d3d6d,1.0
2026-10-01T00:40:14.037933+00:00,ncaaf,Michigan State Spartans @ Wisconsin Badgers,2026-10-03T16:30:00Z,63.83,Michigan State Spartans,A,59,0.0053,0.2299,"{'15': {'away': 310, 'home': -410}, '30': {'away': 285, 'home': -360}, '49': {'home': -400, 'away': 320}, '68': {'home': -410, 'away': 320}, '69': {'away': 300, 'home': -385}, '71': {'home': -385, 'away': 290}, '75': {'home': -375, 'away': 310}}",3,62,True,False,False,305,Moneyline,Michigan State Spartans,,,,,,575f5abb1af3a81091ac5a1cf1f5f927,1.0
2026-10-01T00:40:14.037933+00:00,ncaaf,Western Michigan Broncos @ Buffalo Bulls,2026-10-03T17:00:00Z,64.33,Buffalo Bulls,A,49,0.0097,0.8266,"{'15': {'away': -600, 'home': 450}, '30': {'away': -800, 'home': 550}, '49': {'away': -625, 'home': 450}, '68': {'home': 440, 'away': -600}, '69': {'away': -630, 'home': 450}, '71': {'away': -835, 'home': 510}, '75': {'home': 450, 'away': -600}}",3,52,True,False,False,430,Moneyline,Buffalo Bulls,,,,,,031ad65ec032d459cda2cee30378e4a4,1.0
2026-10-01T00:40:14.037933+00:00,ncaaf,California Golden Bears @ UNLV Rebels,2026-10-03T19:30:00Z,66.83,California Golden Bears,S,57,0.006,0.4489,"{'15': {'home': -140, 'away': 114}, '30': {'home': -100, 'away': -120}, '49': {'home': -136, 'away': 115}, '68': {'home': -135, 'away': 114}, '69': {'away': 110, 'home': -132}, '71': {'away': 106, 'home': -130}, '75': {'home': -135, 'away': 110}}",17,74,True,True,False,115,Moneyline,California Golden Bears,,,,,,f28938b05f7d4b4187e879917f6e583a,1.5
2026-10-01T00:40:14.037933+00:00,ncaaf,Eastern Michigan Eagles @ UMass Minutemen,2026-10-03T19:30:00Z,66.83,Eastern Michigan Eagles,A,22,0.0062,0.3202,"{'15': {'away': 195, 'home': -240}, '30': {'away': 110, 'home': -130}, '49': {'away': 190, 'home': -230}, '68': {'away': 195, 'home': -238}, '69': {'away': 195, 'home': -240}, '71': {'home': -265, 'away': 205}, '75': {'home': -235, 'away': 195}}",5,27,True,False,False,195,Moneyline,Eastern Michigan Eagles,,,,,,7e0abfe1077b7d41d61b918ef53d247b,1.0
2026-10-01T00:40:14.037933+00:00,ncaaf,Virginia Cavaliers @ Florida State Seminoles,2026-10-03T19:30:00Z,66.83,Florida State Seminoles,S,29,0.0058,0.5612,"{'15': {'home': 115, 'away': -140}, '30': {'home': -102, 'away': -118}, '49': {'home': 120, 'away': -141}, '68': {'home': 124, 'away': -148}, '69': {'away': -134, 'home': 112}, '71': {'home': 112, 'away': -139}, '75': {'away': -140, 'home': 115}}",25,54,True,True,False,120,Moneyline,Florida State Seminoles,,,,,,296c3e1c69d11f640690b6f9bd37d424,1.5
2026-10-01T00:40:14.037933+00:00,ncaaf,Old Dominion Monarchs @ Georgia State Panthers,2026-10-03T19:30:00Z,66.83,Georgia State Panthers,D,21,0.0051,0.4466,"{'15': {'away': 110, 'home': -135}, '30': {'home': -100, 'away': -120}, '49': {'home': -130, 'away': 110}, '68': {'away': 114, 'home': -135}, '69': {'home': -128, 'away': 106}, '71': {'home': -136, 'away': 110}, '75': {'away': 110, 'home': -130}}",77,98,False,True,False,,,,,,,,,e4f058459f5ee64f3cff3ac1aed79e64,
2026-10-01T00:40:14.037933+00:00,ncaaf,Ohio State Buckeyes @ Iowa Hawkeyes,2026-10-03T19:30:00Z,66.83,Iowa Hawkeyes,A,25,0.008,0.8404,"{'15': {'away': -625, 'home': 450}, '30': {'away': -700, 'home': 500}, '49': {'home': 450, 'away': -625}, '68': {'home': 455, 'away': -625}, '69': {'home': 520, 'away': -750}, '71': {'home': 510, 'away': -770}, '75': {'away': -625, 'home': 450}}",2,27,True,False,False,450,Moneyline,Iowa Hawkeyes,,,,,,b163da8a283ade5bd6428a3ca01da8b8,1.0
2026-10-01T00:40:14.037933+00:00,ncaaf,Kentucky Wildcats @ South Carolina Gamecocks,2026-10-03T20:15:00Z,67.58,Kentucky Wildcats,S,37,0.008,0.4257,"{'15': {'away': 124, 'home': -148}, '30': {'away': 220, 'home': -270}, '49': {'away': 126, 'home': -148}, '68': {'away': 124, 'home': -148}, '69': {'home': -144, 'away': 120}, '71': {'home': -157, 'away': 125}, '75': {'away': 125, 'home': -145}}",16,53,True,True,False,125,Moneyline,Kentucky Wildcats,,,,,,59abc1d6262d2ea6a72c4daad4c83af2,1.5
2026-10-01T00:40:14.037933+00:00,ncaaf,Georgia Southern Eagles @ Coastal Carolina Chanticleers,2026-10-03T23:00:00Z,70.33,Georgia Southern Eagles,D,6,0.0049,0.5584,"{'15': {'away': -135, 'home': 114}, '30': {'away': -108, 'home': -112}, '49': {'away': -134, 'home': 114}, '68': {'home': 114, 'away': -135}, '69': {'home': 110, 'away': -132}, '71': {'home': 114, 'away': -141}, '75': {'home': 115, 'away': -135}}",73,79,False,True,False,,,,,,,,,5efdb3515c882453d9abcd27db28f78b,
2026-10-01T00:40:14.037933+00:00,ncaaf,Army Black Knights @ Louisiana Tech Bulldogs,2026-10-03T23:30:00Z,70.83,Louisiana Tech Bulldogs,B,13,0.0044,0.5483,"{'15': {'home': 105, 'away': -126}, '30': {'away': -175, 'home': 145}, '49': {'away': -127, 'home': 108}, '68': {'home': 105, 'away': -125}, '69': {'away': -126, 'home': 105}, '71': {'home': 107, 'away': -130}, '75': {'away': -125, 'home': 105}}",11,24,True,True,False,110,Moneyline,Louisiana Tech Bulldogs,,,,,,6246661a676eeaa850a3e36e311fce63,1.0
2026-10-01T00:40:14.037933+00:00,ncaaf,Washington Huskies @ USC Trojans,2026-10-03T23:30:00Z,70.83,USC Trojans,D,6,0.0165,0.2232,"{'15': {'away': 290, 'home': -375}, '30': {'away': 285, 'home': -360}, '49': {'away': 285, 'home': -360}, '68': {'home': -375, 'away': 295}, '69': {'home': -365, 'away': 285}, '71': {'away': 320, 'home': -435}, '75': {'away': 290, 'home': -375}}",91,97,False,True,False,,,,,,,,,f981648dba0e71d8517d47d31aa2633d,
2026-10-01T00:40:14.037933+00:00,ncaaf,Texas Tech Red Raiders @ Colorado Buffaloes,2026-10-03T23:31:00Z,70.85,Colorado Buffaloes,D,6,0.004,0.8197,"{'15': {'away': -485, 'home': 360}, '30': {'home': 540, 'away': -800}, '49': {'away': -500, 'home': 380}, '68': {'home': 370, 'away': -485}, '69': {'home': 360, 'away': -480}, '71': {'home': 370, 'away': -530}, '75': {'away': -475, 'home': 360}}",9,15,True,False,False,,,,,,,,,253e389201e449a2984a194e3eebf7f8,
2026-10-01T00:40:14.037933+00:00,ncaaf,Fresno State Bulldogs @ Washington State Cougars,2026-10-04T01:30:00Z,72.83,Washington State Cougars,D,30,0.0091,,"{'15': {'away': -102, 'home': -122}, '30': {'home': -115, 'away': -104}, '49': {'home': -124, 'away': 105}, '68': {'home': -122, 'away': 102}, '69': {'away': 104, 'home': -125}, '71': {'away': 108, 'home': -130}, '75': {'away': 100, 'home': -120}}",60,90,False,True,False,,,,,,,,,23025b717a93bdd8f30424e90a97d68f,
2026-10-01T00:40:14.037933+00:00,ncaaf,Baylor Bears @ Arizona State Sun Devils,2026-10-04T02:30:00Z,73.83,Baylor Bears,S,41,0.0088,0.3696,"{'15': {'home': -185, 'away': 150}, '30': {'home': -184, 'away': 155}, '49': {'away': 154, 'home': -182}, '68': {'home': -185, 'away': 154}, '69': {'home': -178, 'away': 146}, '71': {'away': 163, 'home': -205}, '75': {'away': 150, 'home': -185}}",10,51,True,True,False,155,Moneyline,Baylor Bears,,,,,,4ec93b02d04c2a019ebd6f4ccd9f7af5,1.5
2026-10-01T00:40:14.037933+00:00,ncaaf,Texas State Bobcats @ San Diego State Aztecs,2026-10-04T02:30:00Z,73.83,Texas State Bobcats,D,9,0.0084,,"{'15': {'away': -205, 'home': 170}, '30': {'home': 142, 'away': -172}, '49': {'home': 165, 'away': -197}, '68': {'away': -205, 'home': 170}, '69': {'away': -205, 'home': 168}, '71': {'away': -225, 'home': 175}, '75': {'home': 175, 'away': -210}}",90,99,False,False,False,,,,,,,,,f73081099f845f23ea7f41ef09128cdd,
